68,2-Arm Dumbbell Preacher Curl
1431,3-0-3 Tempo Squats
1017,30-Day Shred
732,360 Twist Jump
396,Ab Wheel (kneeling)
516,Ab Wheel (standing)
521,Abductor Machine
520,Adductor Machine
787,Advanced Sumo Squat
702,Advanced Tuck Planche
705,Advanced Tuck Planche Push-Up
833,Adventure Racing
1240,Aerial Yoga
1243,Aerial Yoga
595,Aerobic Dance Class
588,Aerobics Class
451,Aikido
1273,Air Assault Bike
1084,Alpha Press
32,Alternate Hammer Dumbbell  Curl
33,Alternate Incline Dumbbell Curl
981,Alternating Body Weight Reverse Lunge
82,Alternating Floor Press
180,Alternating Hang Clean
426,Alternating Kettlebell Hang Clean
1000,Alternating Kettlebell Press
999,Alternating Kettlebell Row
863,Alternating One-Leg Hip Thrust
1127,Alternating V-Up
332,American Football
660,Angled Bridge
1352,Anti-Gravity Press
507,Anusara Yoga
871,Aqua Aerobics
1250,Arc Trainer
828,Arch Back Good Morning
1244,Archer Push Ups
769,Archery
181,Arnold Dumbbell Press
977,Arnold's 1% Circuit (Barbell)
978,Arnold's 1% Circuit (Bodyweight)
1011,Arnold's 1% Circuit (Intermediate Bodyweight)
1042,Arnold's 1% Circuit (Intermediate Dumbbell)
1069,Arnold's 1% Circuit (SimplyShredded.com Challenge)
1020,Arnold's 1% Circuit (Stationary Bike)
1001,Arnold's 1% Circuit (Terrible Ten)
1043,Arnold's 1% Circuit (Unicorn Challenge)
83,Around The Worlds
503,Ashtanga
643,Assisted One-Arm Pull-Up
719,Atlas Stones
1401,Axle Bench Press
1412,Axle Clean and Press
1318,Axle Deadlift
538,Badminton
678,Ball Slams
601,Ballet
598,Ballroom Dancing
1199,Band Assisted Chin-Up
1181,Band Chest Press
1128,Band Hip Extension
1183,Band Hip Hinge Row
1184,Band Hip Series
1129,Band Kneel Stand
1196,Band Kneeling One-Arm Lat Pulldown
1201,Band Kneeling Straight Arm Lat Pulldown
1407,Band Lateral Raise
899,Band Pull Aparts
1197,Band Quadruped Donkey Kick
1131,Band Rear Delt Fly
1115,Band Rear Delt Row
1176,Band Resisted Dowel Hip Hinge
1186,Band Squat to Press
1135,Band Trap Raise
1136,Band Windmill
1027,Band-Resisted Prayer Press
849,Band-Resisted Push-Up
1333,Banded Terminal Knee Extension
874,Baptiste Power Vinyasa Yoga
1,Barbell Bench Press
914,Barbell Bent Press
1351,Barbell Board Press
524,Barbell Box Squat
770,barbell bp
474,Barbell Bulgarian Split Squat
847,Barbell Corner Row
34,Barbell Curl
35,Barbell Curls Lying Against An Incline
1218,Barbell Curtsy Lunge
3,Barbell Deadlift
1208,Barbell Drag Curl
353,Barbell Floor Press
1316,Barbell Front Raise
423,Barbell Glute Bridge
422,Barbell Hip Thrust
84,Barbell Incline Bench Press
85,Barbell Incline Shoulder Raise
759,Barbell Jump Squat
574,Barbell Lunges
1335,Barbell Overhead Lunge
956,Barbell Pin Press
182,Barbell Rear Delt Row
488,Barbell Rear Lunge
1432,Barbell Rollouts
70,Barbell Seated Calf Raise
231,Barbell Shrug
232,Barbell Shrug Behind The Back
6,Barbell Side Bend
1360,Barbell Side Lunge
922,Barbell Slideboard Reverse Lunge
476,Barbell Split Squat
2,Barbell Squat
687,Barbell Squats on the Bosu Ball
907,Barbell Step Ups
1269,Barbell Suitcase Deadlift
1207,Barbell Sumo Squat
1217,Barre Class
546,Baseball
331,Basketball
1008,Battle Ropes
581,Beach Volleyball
1112,Bear Crawl
692,Behind the Neck Push Press
884,Belly Boarding
608,Belly Dancing
499,Bench Dip (Seated Dip)
1202,Bench Dips
241,Bench Dips (Seated Dips)
761,Bench Press Lockout
1332,Bent Elbow Dumbbell Side Lateral Raise
1137,Bent Over Band Row
153,Bent Over Barbell Row
184,Bent Over Dumbbell Rear Delt Raise With Head On Bench
185,Bent Over Low-Pulley Side Lateral
156,Bent Over Two-Dumbbell Row
157,Bent Over Two-Dumbbell Row With Palms In
281,Bent-Arm Barbell Pullover
756,Bent-Arm Barbell Pullover
86,Bent-Arm Dumbbell Pullover
1138,Bent-Knee Hip Extension Cross
523,Bent-Over Rear Delt Raise
408,Bicycle
506,Bikram / Hot Yoga
517,Bird Dog
1068,Blackbird
1139,Boat Sit
1006,Body Pump Class
1314,Body Tricep Press
629,Body Weight Assisted One-Leg Squat
482,Body Weight Bulgarian Split Squat
632,Body Weight Close Squat
1142,Body Weight Deficit Reverse Lunge
749,Body Weight Dip Station L-sit
1413,Body Weight Dip Station L-sit
424,Body Weight Glute Hamstring Raise
1050,Body Weight Glute March
633,Body Weight Half Squat
1143,Body Weight Heel Reverse Lunge
1062,Body Weight Hip Hinge
1063,Body Weight Hip Thrust
464,Body Weight Inverted Row (Let Me Ups)
635,Body Weight Jackknife Squat
1140,Body Weight Low Box Squat
359,Body Weight Lunge
630,Body Weight One Half One-Leg Squat
481,Body Weight One-Leg Squat
397,Body Weight Ring L-sit
413,Body Weight Ring Push-Up
462,Body Weight Ring Row
636,Body Weight Shoulderstand Squat
1051,Body Weight Side Step Up
485,Body Weight Split Squat
1178,Body Weight Split Squat Isometric Hold
350,Body Weight Squat
1141,Body Weight Squat Curtsy Lunge
1188,Body Weight Step-Down Reverse Lunge
1189,Body Weight Straight Leg Hip Thrust
786,Body Weight Sumo Squat
634,Body Weight Supported Squat
631,Body Weight Uneven Squat
433,Body Weight V-Bar Pull-Up
1065,Body Weight Walking Lunge Into One-Leg Romanian Deadlift
486,Body Weight Wall Squat
1085,Bodycombat Class
1187,Bodysaw
1392,Bodyweight Bosu Ball Squats
565,Boot Camp
889,Bottoms Up Kettlebell Clean and Press
887,Bottoms Up Kettlebell Press
115,Bottoms-Up Clean From The Hang Position
1279,Bowling
537,Box Jump Overs
535,Box Jumps
348,Boxing
1289,Bradford Press
186,Bradford/Rocky Presses
452,Brazilian Jiu-Jitsu
609,Break Dancing
764,Broomball
362,Burpee
794,Butt Kickers
576,Cable Backhand
709,Cable Cross Squats
87,Cable Crossover
7,Cable Crunch
867,Cable External Rotation
36,Cable Hammer Curls - Rope Attachment
1224,Cable Hip Abduction
170,Cable Hip Adduction
1416,Cable Incline Pullover
282,Cable Incline Pushdown
242,Cable Incline Triceps Extension
243,Cable Lying Triceps Extension
244,Cable One Arm Tricep Extension
37,Cable Preacher Curl
354,Cable Pull Through
245,Cable Rope Overhead Triceps Extension
187,Cable Rope Rear-Delt Rows
188,Cable Seated Lateral Raise
1319,Cable Shoulder Press
233,Cable Shrug
1325,Cable Side Bends
1210,Cable Tricep Kickback
407,Cable Twist
116,Cable Wrist Curl
71,Calf Press On The Leg Press Machine
1278,Calf Raise Machine
234,Calf-Machine Shoulder Shrug
1331,Cambered Bar Bench Press
1330,Cambered Bar Squat
445,Capoeira
1090,Car Deadlift
1391,Car Drivers
1381,Car Pull
1410,Car Pull
1426,Chair Deadlift
1348,Chest Supported T-bar Row
1163,Child's Pose T Spine Rotation
453,Chin Na
283,Chin-Up
1238,Circuit Training (Bodyweight)
1300,Circus Dumbbell Clean and Press
414,Clap Push-Up
311,Clean
312,Clean and Jerk
465,Clean and Press
1312,Clean Deadlift
1038,Clean Pull
716,Close Grip Chin-Up
435,Close Grip Pull-Up
321,Close Grip Push-Up
663,Close Handstand Push-Up
246,Close-Grip Barbell Bench Press
38,Close-Grip EZ Bar Curl
284,Close-Grip Front Lat Pulldown
39,Close-Grip Standing Barbell Curl
654,Closing Bridge
1032,Coccoon Crunch
1079,Conan's Wheel
40,Concentration Curls
751,Core Twist Push-Up
436,Corn Cob Pull-Up
783,Corner Barbell Press (Lumberjack Press)
1167,Countermovement Drop
610,Country-Western Dancing
1200,Crab Walk
1386,Cricket
1161,Crocodile Belly Breathing
41,Cross Body Hammer Dumbbell Curl
690,Cross Country Skiing
149,Crossover Reverse Lunge
670,Crow Stand
695,Crumping
11,Crunch
189,Cuban Press
799,Curling
594,Curls in the Squat Rack
326,Cycling
305,Cycling (stationary)
1257,DDP Yoga
672,Dead Bug
1434,Dead Hangs
1245,Deck Squats
88,Decline Barbell Bench Press
247,Decline Close-Grip Bench To Skull Crusher
12,Decline Crunch
89,Decline Dumbbell Bench Press
90,Decline Dumbbell Flyes
248,Decline Dumbbell Triceps Extension
249,Decline EZ Bar Triceps Extension
1403,Decline Pike Push-up
323,Decline Push-Up
781,Deficit Barbell Deadlift
972,Deficit Trap Bar Deadlift
322,Diamond Push-Up
768,Dimel Deadlift
250,Dip Machine
1097,Dip Progression
747,Dip Station Bent Leg Raise
748,Dip Station Straight Leg Raise
91,Dips - Chest Version
251,Dips - Triceps Version
1394,Disc Golf
544,Divebomber Push-Up
616,Dodgeball
1016,Donkey Calf Raise
1313,Double Bottoms Up Kettlebell Clean
1315,Double Bottoms Up Kettlebell Clean and Press
341,Double Kettlebell Clean
893,Double Kettlebell Clean and Press
343,Double Kettlebell Jerk
1324,Double Kettlebell Lunge and Press
891,Double Kettlebell Press
892,Double Kettlebell Push Press
1382,Double Kettlebell Rack Carry
367,Double Kettlebell Snatch
346,Double Kettlebell Swing
1280,Double Kettlebell Turkish Get Up
1346,Double Kettlebell Windmill
896,Double Long Cycle
869,Double Under Jump Rope
1337,Double Unders (Reps)
1046,Downward Dog Spiderman Lunge
1019,Dragon Boating
394,Dragon Flag
592,Drumming
713,Dumbbell 2-Arm Triceps Extension
1285,Dumbbell 21 curls
92,Dumbbell Bench Press
915,Dumbbell Bent Press
42,Dumbbell Bicep Curl
477,Dumbbell Bulgarian Split Squat
1219,Dumbbell Curtsy Lunge
1026,Dumbbell Deadlift
1423,Dumbbell Delt 6 Ways
876,Dumbbell Floor Press
93,Dumbbell Flyes
851,Dumbbell Goblet Lateral Lunge
1291,Dumbbell Hip Thrust
190,Dumbbell Incline Shoulder Raise
1378,Dumbbell Lateral Row
171,Dumbbell Lunges
117,Dumbbell Lying Pronation
192,Dumbbell Lying Rear Lateral Raise
118,Dumbbell Lying Supination
252,Dumbbell One-Arm Triceps Extension
43,Dumbbell Prone Incline Curl
823,Dumbbell Rear Delt Row
172,Dumbbell Rear Lunge
235,Dumbbell Shrug
15,Dumbbell Side Bend
490,Dumbbell Side Lateral Raise
865,Dumbbell Side-Lying External Rotation
939,Dumbbell Side-Lying Internal Rotation
1226,Dumbbell Single Leg Calf Raise
923,Dumbbell Slideboard Reverse Lunge
928,Dumbbell Split Clean
962,Dumbbell Split Clean and Jerk
480,Dumbbell Split Squat
361,Dumbbell Squat
959,Dumbbell Squat Clean
1075,Dumbbell Squeeze Press
872,Dumbbell Stability Ball Press
879,Dumbbell Stationary Lunge
173,Dumbbell Step Ups
1294,Dumbbell Sumo Squat
1414,Dumbbell Thrusters
1383,Dumbbell YTI Raises
967,Elbow-Supported Dumbbell External Rotation
285,Elevated Cable Row
304,Elliptical Trainer
710,Eskrima
1120,Exercise Ball Alternating Leg Lowers
16,Exercise Ball Crunch
1089,Exercise Ball Hamstring Curl
1121,Exercise Ball Knees to Chest
1119,Exercise Ball Rollout
44,EZ-Bar Curl
620,Face Pull
536,Farmer's Walk
416,Farmers Walk
1055,Feet Elevated Glute Bridge
1159,Feet Elevated One-Leg Glute Bridge
1190,Feet Elevated Side Plank Abduction
458,Fencing
838,Field Hockey
1433,Fingertip Push-Ups
820,Fire Hydrants
95,Flat Bench Cable Flyes
650,Flat Bent Leg Raise
649,Flat Frog Raise
651,Flat Knee Raise
18,Flat Straight Leg Raise
711,Flexed-Arm Hang
1290,Floor Ball
900,Floor Wipers
803,Flutter Kicks
563,Foam Rolling
599,Folk Dancing
333,Football (US Soccer)
509,Forrest Yoga
1164,Forward Crawl
1390,Frame Carry 
1408,Frankenstein Barbell Squat 
325,Frisbee
1191,Frog Jump to Push-Up
1320,Frog Pumps
700,Frog Stand
852,Front Barbell Box Squat
174,Front Barbell Squat
197,Front Cable Raise
198,Front Dumbbell Raise
864,Front Grip Barbell Rear Lunge
199,Front Incline Dumbbell Raise
139,Front Leg Raises
1367,Front Lever
200,Front Plate Raise
1365,Front Tuck Lever
201,Front Two-Dumbbell Raise
657,Full Bridge
1270,Full Handstand
827,Full Zercher
883,General CrossFit
950,General Gymnastics
1389,General Housework
882,General Insanity
881,General P90X
797,General Plyometrics
1215,General T25
689,General Yoga
897,Get Up Sit Up (Kettlebell)
1044,Glute Bridge
929,Glute Ham Sit Up
134,Glute Kickback
1376,Glute Kickback Machine
483,Goblet Bulgarian Split Squat
479,Goblet Squat (dumbbell)
478,Goblet Squat (kettlebell)
484,Goblet Squat (medicine ball)
577,Golf
773,Groiners
175,Hack Squat
658,Half Bridge
818,Half Chin-Up
668,Half Handstand Push-Up
790,Half Jump Squat
1122,Half Kneeling Dumbbell Shoulder Press
1175,Half Kneeling Pallof Press
1170,Half Kneeling Suitcase Isometric Hold
850,Half One-arm Kneeling Cable Row
637,Half Pull-Up
624,Half Push-Up
861,Half-Kneeling Anti-Rotation Chop
858,Half-Kneeling Cable Lift
971,Half-Kneeling One-Arm Landmine Press
45,Hammer Dumbbell Curl
97,Hammer Grip Incline Dumbbell Bench Press
1018,Hand Cycling
753,Hand Gripper
875,Hand Release Push Up
912,Hand Switch with Push-Up
920,Hand Switches
737,Handstand
837,Handstand
202,Handstand Push-Up
1094,Handstand Push-Up Progression
736,Hang Clean
796,Hang High Pull
937,Hang Power Clean
944,Hang Power Snatch
938,Hang Snatch
647,Hanging Bent Leg Raise
646,Hanging Frog Raise
648,Hanging Knee Raise
19,Hanging Straight Leg Raise
1246,Hanging Windshield Wipers
455,Hapkido
528,Hashing
501,Hatha
659,Head Bridge
966,Head Supported Dumbbell Row
822,Headstand
570,Heavy Bag
1371,Heavy Throw
1213,Heel Touches
46,High Cable Curls
1168,High Knee March Isometric Hold
793,High Knees
318,High Pull
1405,Highland Games
529,Hiking
683,Hill Training
958,Hip Belt Squats
606,Hip Hop Dancing
1144,Hip Raise Clam
531,Hockey (Ice or Street)
1317,Hollow Body Hold
402,Hollow Rock
639,Horizontal Pull
714,Horizontal Pull
1098,Horizontal Pull Progression
571,Horseback Riding
602,House Dancing
681,Hula Hooping
150,Hyperextension
725,Iaido
613,Ice Hockey
540,Ice Skating
1239,Ice Skating (Competitive) 
1048,Inch Worm
253,Incline Barbell Triceps Extension
158,Incline Bench Pull
98,Incline Cable Flyes
303,Incline Dumbbell Bench Press
47,Incline Dumbbell Curl
99,Incline Dumbbell Flyes
1373,Incline Dumbbell Hammer Curls
100,Incline Dumbbell Press
763,Incline Dumbbell Row
622,Incline Push-Up
494,Indoor Volleyball
542,Inline Skating
511,Integral Yoga
936,Internal Shoulder Cuff Rotation (Lucky Cat)
1177,Inverted Row Isometric Hold
203,Iron Cross
792,Iron Crosses (YAYOG)
1021,Isolateral Plate Loaded Decline Press
1399,Isolateral Plate Loaded High Row
1023,Isolateral Plate Loaded Incline Press
1025,Isolateral Plate Loaded Lat Pulldown
1022,Isolateral Plate Loaded Press
1024,Isolateral Plate Loaded Push Press
583,Isolateral Plate Loaded Row
1395,Isolateral Plate Loaded Shoulder Press
504,Iyengar Yoga
405,Jack Knife Sit-Up
638,Jackknife Pull
1249,Jacob's Ladder Machine
1083,Javelin Press
596,Jazz Dancing
979,Jefferson Deadlift
470,Jerk
454,Jiu-Jitsu
508,Jivamukti Yoga
1344,JM Press
307,Jogging
450,Judo
740,Jump Lunges
409,Jump Rope
611,Jump Squat (Toyotas)
750,Jump Squat Punch
579,Jumping Jacks
448,Karate
1293,Kayaking
1081,Keg Carry
1372,Keg Clean and Press
673,Kempo
459,Kendo
995,Kettlebell Alternating Renegade Row
1265,Kettlebell Arm Bar
1266,Kettlebell Arm Bar Press
994,Kettlebell Arnold Press
916,Kettlebell Bent Press
888,Kettlebell Clean and Press
964,Kettlebell Crosswalk
1415,Kettlebell Crush Curl
1361,Kettlebell Crush Push Up
1236,Kettlebell curl and press
993,Kettlebell Dead Clean
960,Kettlebell Deadlift
998,Kettlebell Figure 8
1206,Kettlebell Front Squat
1380,Kettlebell Get Down
1173,Kettlebell Goatbag Hip Hinge to Wall
1028,Kettlebell Halo
997,Kettlebell Hang Clean
1087,Kettlebell High Pull
1347,Kettlebell Jump Squat
992,Kettlebell Leg Over Floor Press
957,Kettlebell Lunge
1323,Kettlebell Lunge and Press
991,Kettlebell Lunge Pass Through
1302,Kettlebell Lunge Pass Through
990,Kettlebell One-Leg Deadlift
982,Kettlebell Pirate Ships
345,Kettlebell Press
886,Kettlebell Push Press
985,Kettlebell Romanian Deadlift
989,Kettlebell Seated Press
988,Kettlebell Seesaw Press
1262,Kettlebell Slingshot
890,Kettlebell Sots Press
987,Kettlebell Sumo High Pull
986,Kettlebell Thruster
1281,Kettlebell Woodchoppers
443,Kickboxing
949,Kipping Muscle-Up
441,Kipping Pull-Up
975,Kirk Shrugs
553,Knee Hug Sit-Up
1056,Knee Plank with Straight Arm Extension
1060,Knee Side Plank
652,Knee Tuck
1192,Kneel Stand Jump
254,Kneeling Cable Triceps Extension
735,Kneeling Clap Push-Up
1145,Kneeling Good Morning
1336,Kneeling Landmine Press
1106,Kneeling One-Arm Dumbbell Press
580,Kneeling Push-Up
1231,Kneeling Squat
676,Knees-To-Elbows
593,Krav Maga
510,Kripalu Yoga
684,Kroc Rows
505,Kundalini Yoga
619,Kung Fu
765,L-Sit
724,L-Sit Chin-Up
430,L-Sit Pull-Up
356,Lacrosse
943,Ladder Drills
952,Lake Canoeing
951,Lake Kayaking
1417,Landmine 180s
1418,Landmine 180s
1288,Landmine Goblet Squat
1419,Landmine Reverse Lunge
909,Landmines
1362,Larsen Press
286,Lat Pulldown
1353,Lat Pulldown Machine
1125,Lateral Bounds
1146,Lateral Box Hop
1342,Lateral Box Jumps
1108,Lateral Explosive Jump
729,Lateral Hurdle Jumps
727,Lateral Lunges
204,Lateral Raise - With Bands
1114,Lateral Step Up
1169,Lateral Walk
605,Latin Dancing
557,Leg Climb Crunch
176,Leg Extensions
177,Leg Press
1095,Leg Raise Progression
1104,Leg Swing
679,Let Me Ins
666,Lever Handstand Push-Up
627,Lever Push-Up
352,Light Walking (secondary e.g. commute, on the job, etc)
604,Lindy Hopping
913,Log Clean and Press
895,Long Cycle
942,Long Jumps
1073,Long-Lever Plank
1074,Long-Lever Push-Up Hold
1421,Low bar Squat
1222,Low Cable Crossover
255,Low Cable Triceps Extension
1102,Lying Arm Crossover
314,Lying Barbell Triceps Extension
159,Lying Cambered Barbell Row
256,Lying Close-Grip Barbell Triceps Extension Behind The Head
257,Lying Close-Grip Barbell Triceps Press To Chin
707,Lying Dumbbell Hamstring Curl
258,Lying Dumbbell Tricep Extension
140,Lying Hamstring Stretch
1363,Lying Kettlebell Tricep Extension
141,Lying Leg Curls
206,Lying Rear Delt Raise
259,Lying Triceps Press
5,Machine Ab Crunch
935,Machine Back Extension
103,Machine Bench Press
933,Machine Bicep Curls
934,Machine Calf Extension
522,Machine Chest Fly (Pec Deck)
1007,Machine Chest Press
1253,Machine Decline Bench Press 
706,Machine Dips
868,Machine Hack Squat
718,Machine Incline Bench Press
712,Machine Lateral Raise
983,Machine MTS High Row
51,Machine Preacher Curls
1002,Machine Pullover
984,Machine Seated Row
207,Machine Shoulder (Military) Press
617,Machine Triceps Extension
1214,Man Makers
1263,Meadows Row
1123,Medicine Ball Chest Pass
392,Medicine Ball Jack Knife Sit-Up
1385,Medicine Ball Standing Twist
578,Meditation
697,Melbourne Shuffle
161,Middle Back Shrug
162,Mixed Grip Chin
1223,Mixed Martial Arts
512,Moksha Yoga
1384,Monkey Bars
1430,Monster Walks
496,Mountain Biking
543,Mountain Climbers
686,Moving boxes
449,Muay Thai
1040,Muscle Clean
1039,Muscle Snatch
365,Muscle-Up
500,Narrow Arm Push-Up
1343,Narrow Stance Barbell Squat
807,Neck Extension - Harness
813,Neck Extension - Machine
810,Neck Extension - Plates
804,Neck Flexion - Harness
811,Neck Flexion - Machine
808,Neck Flexion - Plates
805,Neck Lateral Flexion - Harness
812,Neck Lateral Flexion - Machine
809,Neck Lateral Flexion - Plates
1198,Negative Chin-Up
1014,Negative Pull-Up
840,Netball
738,Ninja Jump Tucks
757,Ninjutsu
22,Oblique Crunch
746,Oblique V-Ups
526,Ocean Kayaking
1010,Olympic Squat
163,One Arm Chin-Up
1368,One arm dumbbell deadlift
1124,One Arm Farmer's Walk
260,One Arm Floor Press
1357,One Arm Kettlebell High Pull
1282,One Arm Kettlebell Row
947,One Arm Lat Pulldown
1420,One Arm One Leg Push Up
261,One Arm Pronated Dumbbell Triceps Extension
262,One Arm Supinated Dumbbell Triceps Extension
665,One Half One-Arm Handstand Push-Up
642,One Half One-Arm Pull-Up
626,One Half One-Arm Push-Up
1211,One Legged Cable Kickback
1031,One Legged Push Up
1182,One-Arm Band Floor Press to Sit-Up
1130,One-Arm Band Row
848,One-Arm Barbell Corner Row
824,One-Arm Barbell Deadlift
772,One-Arm Barbell Snatch
788,One-Arm Body Weight Inverted Row (One-Arm Let Me Ups)
968,One-Arm Bottoms-up Kettlebell Carry
1071,One-Arm Cable Chest Press
905,One-Arm Dumbbell Bench Press
722,One-Arm Dumbbell Deadlift
877,One-Arm Dumbbell Floor Press
1227,One-Arm Dumbbell Preacher Curl
164,One-Arm Dumbbell Row
721,One-Arm Dumbbell Snatch
830,One-Arm Face Pull
667,One-Arm Handstand Push-Up
906,One-Arm Incline Dumbbell Bench Press
337,One-Arm Kettlebell Clean
338,One-Arm Kettlebell Floor Press
342,One-Arm Kettlebell Jerk
1179,One-Arm Kettlebell Rack Carry
344,One-Arm Kettlebell Snatch
339,One-Arm Kettlebell Swing
789,One-Arm Let Me Ins
644,One-Arm Pull-Up
573,One-Arm Push-Up
628,One-Arm Push-Up
752,One-Arm Triceps Push-Up
904,One-leg Barbell Glute Bridge
1100,One-Leg Body Weight Glute Bridge
1148,One-Leg Body Weight Romanian Deadlift
878,One-Leg Press
688,One-Leg Romanian Deadlift
1195,One-Leg Romanian Deadlift to Skater Squat
591,Other Bodyweight
587,Other Cardio
360,Other Dancing
590,Other Weightlifting
1261,Otis Sit Ups
1221,Overhead Barbell Shrug
358,Overhead Barbell Squat
1338,Overhead Cable Curls
1113,Overhead Dumbbell Split Squat
780,Overhead Dumbbell Squat
287,Overhead Lat
263,Overhead Triceps Stretch
767,Paddleboarding
618,Paintball
910,Pallof Press
120,Palms-Down Barbell Wrist Curl Over A Bench
119,Palms-Down Dumbbell Wrist Curl Over A Bench
121,Palms-Up Barbell Wrist Curl Over A Bench
122,Palms-Up Dumbbell Wrist Curl Over A Bench
932,Parallel Grip L-Sit Pull-Up
438,Parallel-Grip Pull-Up
801,Parkour/Freerunning
645,Partial Straight Leg Raise
1233,Paused Barbell Squat
1234,Paused Bench Press
1235,Paused Deadlift
1171,Peekaboo Goblet Squat
532,Pendlay Row
1409,Pickleball
1054,Pike Push-Up
418,Pilates
835,Ping Pong
898,Pistol (Kettlebell)
1237,PiYo
357,Plank
1193,Plank Climber
674,Plank Jacks
1216,Plank Marches
1099,Plank Progression
1149,Plank Reach
1209,Plank Twists
1107,Plank Up-Down
1064,Plank With Hip Extension
1422,Plank With Shoulder Taps
123,Plate Pinch
1387,Plie Pulses
600,Pole Dancing
698,Popping & Locking
472,Power Clean
468,Power Clean and Jerk
795,Power Clean and Press
1003,Power Jerk
210,Power Partials
1398,Power Shrug
467,Power Snatch
54,Preacher Curl
55,Preacher Hammer Dumbbell Curl
926,Prone Horizontal Abduction Off Table
866,Prone One-Arm Trap Raise
1397,Prowler Rope Pull
288,Pull-Up
1093,Pull-Up Progression
559,Pulse Up - Knees Out
558,Pulse Up - Legs Straight
489,Push Press
107,Push-Up
1072,Push-Up Hold
1150,Push-Up Ladder
1049,Push-Up Plus
1096,Push-Up Progression
460,Qigong
1059,Quadruped Donkey Kick
1172,Quadruped Dumbbell Row
1058,Quadruped Hip Extension
791,Quarter Jump Squat
974,Rack Bench Press
316,Rack Deadlift
1341,Rack Front Squat
973,Rack Squat
533,Racquetball
1151,Rainbow Extension
1041,Raptor Squat
940,Rear Delt Fly
178,Rear Leg Raises
853,Recreational Swimming
1258,Recumbent Cycling
1340,Reeves Deadlift
545,Renegade Push-Up
403,Renegade Row
745,Reptile (Spider) Push-Up
1393,Resistance Band Shin Flex
513,Restorative Yoga
56,Reverse Barbell Curl
57,Reverse Barbell Preacher Curls
58,Reverse Cable Curl
1334,Reverse Cable Flyes
400,Reverse Crunch
1203,Reverse Elbow Pushups
211,Reverse Flyes
212,Reverse Flyes With External Rotation
165,Reverse Grip Bent-Over Rows
691,Reverse Grip Clean and Press
1205,Reverse Grip Lat Pulldown
1396,Reverse Grip Skull Crusher
264,Reverse Grip Triceps Pushdown
777,Reverse Hyperextension
1350,Reverse Plank
743,Reverse Pushups
265,Reverse Triceps Bench Press
497,Ring Dip
1277,Ring Flyes
428,Ring Muscle-Up
434,Ring Pull-Up
1276,Ring Tricep Extensions
527,River Kayaking
953,Rock Climbing
324,Rock Climbing (time only)
1109,Rocking Plank
76,Rocking Standing Calf Raise
289,Rocky Pull-Up/Pull-Down
539,Roller Derby
541,Roller Skating
1162,Rolling
1132,Romanian Band Deadlift
425,Romanian Deadlift
834,Romanian Dumbbell Deadlift
930,Rope Climb
1254,Rope Climb Machine
1088,Rotary Torso Machine
492,Rowing
315,Rowing (machine)
347,Rugby
518,Running
931,Running (Intervals/Sprints)
300,Running (treadmill)
682,Running Stairs
317,Russian Twist
1402,Safety Bar Box Squats
1260,Safety Bar Squat
1204,Safety Squats
774,Sailing
693,Salsa
1080,Sandbag Carry
1356,Sandbag Clean
1309,Sandbag Deadlift
1306,Sandbag Good Morning
1411,Sandbag Loading
1355,Sandbag Snatch
1086,Sandbag Squat
446,Savate
775,SCA Heavy Combat
1118,Scapular Push-Up
1116,Scapular Wall Slide
1009,Scarecrow Clean
1036,Scarecrow Snatch
1052,Scissor Crunch
817,Scissor Kicks
1194,Scissor Tap
549,Scissors with Hold (Beach Scissors)
572,Scuba Diving
1133,Seated Band Abduction
1152,Seated Band Row
491,Seated Barbell Military Press
980,Seated Barbell Press Behind Neck
213,Seated Barbell Shoulder Press
267,Seated Bent-Over 2-Arm Dumbbell Triceps Extension
214,Seated Bent-Over Rear Delt Raise
1400,Seated Box Jumps
1404,Seated Cable Fly
166,Seated Cable Row
77,Seated Calf Raise
60,Seated Dumbbell Curl
61,Seated Dumbbell Inner Biceps Curl
124,Seated Dumbbell Palms-Down Wrist Curl
125,Seated Dumbbell Palms-Up Wrist Curl
996,Seated Dumbbell Row
215,Seated Dumbbell Shoulder Press
366,Seated Dumbbell Shoulder Press
195,Seated Dumbbell Side Lateral Raise
1406,Seated E-Z bar Tricep Extension
216,Seated Front Deltoid Stretch
138,Seated Glute Stretch
829,Seated Good Morning
955,Seated Hammer Dumbbell Curl
142,Seated Hamstring Stretch
552,Seated Knee Hug Crunch
1061,Seated Knee Tuck
143,Seated Leg Curl
555,Seated Leg Extension Crunch
1369,Seated One Arm Shoulder Press
1377,Seated Overhead Lateral Raise
129,Seated Palm-Up Barbell Wrist Curl
128,Seated Palms-Down Barbell Wrist Curl
217,Seated Side Lateral Raise
1103,Seated Thoracic Twist
268,Seated Triceps Press
218,See-Saw Press (Alternating Side Press)
336,Shake Weight
662,Short Bridge
568,Shoulder Dislocation
855,Shoulder Press on Calf Press Machine
219,Shoulder Raise Stretch
680,Shove Offs
685,Shoveling snow
456,Shuai Jiao
741,Side Crunch
220,Side Lateral Raise
744,Side Lunges
1053,Side Lying Clam Shell
1057,Side Lying Hip Raise
1212,Side Lying Leg Raise
404,Side Plank
1153,Side Plank Clam
742,Side Plank Lifts
1326,Side Plank With a Reach Through
290,Side To Side Chins
846,Side-Lying External Rotation
902,Single Arm Kettlebell Clean and Press
1354,Single Arm Kettlebell Overhead Lunge
1370,Single Arm Seated Cable Row
1364,Single Bent Leg Front Lever
1358,Single Leg Box Jump
1225,Single Leg Calf Raise
1251,Single Leg Extension
1366,Single Leg Front Lever 
1165,Single Leg Glute Bridge With Straight Arms
1252,Single Leg Lying Curl
798,Single-Leg Plank
755,Sissy Squat
349,Sit-Up
586,Sitting on my Butt
514,Sivananda Yoga
948,Skateboarding
1220,Skater Squat
870,Ski Machine
493,Skiing
857,Sled Pull
856,Sled Push
1359,Sled Rows
903,Sled Sprint
901,Sledgehammer
921,Slideboard
924,Slideboard Bodysaw
925,Sliding Leg Curl
911,Slosh Pipe Carry
221,Smith Incline Shoulder Raise
110,Smith Machine Bench Press
168,Smith Machine Bent Over Row
269,Smith Machine Close-Grip Bench Press
111,Smith Machine Incline Bench Press
222,Smith Machine Overhead Shoulder Press
78,Smith Machine Reverse Calf Raises
236,Smith Machine Shrug
1082,Smith Machine Squat
237,Smith Machine Upright Row
364,Snatch
469,Snatch Balance
946,Snatch Grip Behind the Neck Press
1037,Snatch Pull
945,Snatch-Grip Deadlift
699,Snowboarding
754,Snowshoeing
547,Softball
1228,Sotts Press
1425,Spanish Squat
919,Spartan Race
734,Speed Bag
62,Spider Curl
582,Spinning
466,Split Clean and Jerk
1005,Split Jerk
728,Split Jump Squat (Iron Mikes)
471,Split Snatch
1105,Sprinter's Crunch
327,Squash
927,Squat Clean
1004,Squat Jerk
758,Squat Lockout
1424,Squat Morning
1091,Squat Progression
831,Squat Stretch
1345,Squat Thrust
832,Squat to Stand with Overhead Reach
1304,Stability Ball Hyperextension
401,Stability Ball Jack Knife Sit-Up
1301,Stability Ball Pike
1305,Stability Ball Plank
961,Stability Ball Push-Up
815,Staggered Push-Up
306,Stair Machine
653,Stand-To-Stand Bridge
766,Stand-Up Paddleboarding
1134,Standing Band Shoulder Press
1185,Standing Band Shoulder Press to Lateral Raise
79,Standing Barbell Calf Raise
223,Standing Barbell Press Behind Neck
183,Standing Barbell Shoulder Press (OHP)
63,Standing Biceps Cable Curl
1117,Standing Bird-Dog
1272,Standing Cable Leg Extension
80,Standing Calf Raise
81,Standing Dumbbell Calf Raise
779,Standing Dumbbell Push Press
64,Standing Dumbbell Reverse Curl
196,Standing Dumbbell Shoulder Press
224,Standing Dumbbell Straight-Arm Front Delt Raise Above Head
272,Standing Dumbbell Triceps Extension
238,Standing Dumbbell Upright Row
225,Standing Front Barbell Raise Over Head
179,Standing Hip Flexors Stretch
65,Standing Inner-Biceps Curl
145,Standing Leg Curl
226,Standing Low-Pulley Deltoid Raise
227,Standing Military Press
821,Standing One-Arm Biceps Cable Curl
843,Standing one-arm Cable Rows
67,Standing One-Arm Dumbbell Curl Over Incline Bench
785,Standing One-Arm Dumbbell Push Press
723,Standing One-Arm Dumbbell Shoulder Press
274,Standing One-Arm Dumbbell Triceps Extension
970,Standing One-Arm Landmine Press
275,Standing Overhead Barbell Triceps Extension
229,Standing Palms-In Dumbbell Shoulder Press
1066,Standing Row
762,Standing Shoulder Press Lockout
575,Standing Zottman Dumbbell Curls
816,Star Jumps
1092,Start Bodyweight Dynamic Warmup
550,Static Wall Sit
551,Static Wall Sit - One Leg Out
1428,Steinborn Squat
589,Step Class
1067,Step Up
1154,Step Up High Knee
1101,Stick Up
151,Stiff Leg Barbell Good Morning
1349,Stiff Legged Deficit Deadlift
146,Stiff-Legged Barbell Deadlift
147,Stiff-Legged Dumbbell Deadlift
569,Stir The Pot
1241,Stomach Vacuums 
1076,Stone Carry
703,Straddle Planche
1030,Straight Arm Pulldown
1322,Straight Bar Dips
661,Straight Bridge
291,Straight-Arm Pulldown
612,Street Hockey
880,Strength Class
564,Stretching
1321,Stroller Jogging
567,Sumo Deadlift
1155,Super Bird Dog
1158,Superman
548,Superman Hold
1156,Superman Reach
730,Surf Getup
495,Surfing
1012,Suspension Trainer Biceps Clutch
1033,Suspension Trainer Biceps Curl
1298,Suspension Trainer Box Rows
1299,Suspension Trainer Burpee
1229,Suspension Trainer Chest Press
1034,Suspension Trainer Crossing Balance Lunge
1035,Suspension Trainer Crunch
844,Suspension Trainer Fallouts
963,Suspension Trainer Flutter
1267,Suspension Trainer Hamstring Curls
841,Suspension Trainer Inverted Rows
1264,Suspension Trainer Knee Tucks
1287,Suspension Trainer Plank
1297,Suspension Trainer Power Pull
1307,Suspension Trainer Pull Up
842,Suspension Trainer Push-ups
1256,Suspension Trainer Reverse Flyes
1230,Suspension Trainer Squat
1296,Suspension Trainer Squat and Row
1303,Suspension Trainer Torso Rotation
1255,Suspension Trainer Triceps Extension
845,Suspension Trainer Ys
1292,Svend Press
320,Swimming
597,Swing Dancing
1329,Swiss Bar Bench Press
1328,Swiss Bar Incline Bench Press
1327,Swiss Bar Overhead Press
1070,T Push-Up
566,T Push-Ups
160,T-Bar Row
447,Taekwondo
461,Tai Chi
860,Tall Kneeling Anti-Rotation Chop
859,Tall Kneeling Cable Lift
1166,Tall Kneeling Medicine Ball Slams
694,Tango
607,Tap Dancing
1295,Tate Press
696,Tectonic
335,Tennis
1375,Thoracic Bridge
677,Thrusters
776,Tire Flip
802,Toe Touches
675,Toes-To-Bar
917,Tough Mudder
585,Trail Running
1029,Trampoline
1274,Trap Bar Bent Over Row
771,Trap Bar Deadlift
1275,Trap Bar Overhead Press
1259,Trap Bar Shrug
1310,Tricep Bar Front Raises
1308,Tricep Bar Hammer Curls
1311,Tricep Bar Overhead Extension
276,Tricep Dumbbell Kickback
1242,Tricep Pushdown Machine
277,Triceps Pushdown
278,Triceps Pushdown - Rope Attachment
279,Triceps Pushdown - V-Bar Attachment
701,Tuck Planche
704,Tuck Planche Push-Up
417,Turkish Get-Up (barbell)
420,Turkish Get-Up (dumbbell)
419,Turkish Get-Up (kettlebell)
778,Twist of Faith
1286,Two Arm Kettlebell Row
969,Two-Arm Bottoms-up Kettlebell Carry
340,Two-Arm Kettlebell Swing
615,Ultimate Frisbee
664,Uneven Handstand Push-Up
641,Uneven Pull-Up
625,Uneven Push-Up
1160,Up Down
230,Upright Barbell Row
239,Upright Cable Row
240,Upright Row - With Bands
294,V-Bar Pull-Up
293,V-Bar Pulldown
708,V-Squat Machine
717,V-Up
941,Vertical Jumps
556,Vertical Leg Crunch
640,Vertical Pull
715,Vertical Pull
603,Video Game Dancing
720,Viet Vo Dao
854,Viking Press
502,Vinyasa
965,Waiter Walk
800,Wakeboarding
355,Walked up the stairs (in lieu of the elevator)
525,Walking
334,Walking (archived)
530,Walking (treadmill)
1111,Walking Barbell Lunges
1110,Walking Dumbbell Lunges
1045,Walking Lunge
1047,Walkout
1157,Walkout Push-Up
560,Wall Ball
669,Wall Handstand
671,Wall Headstand
623,Wall Push-Up
656,Wall Walking Bridge (Down)
655,Wall Walking Bridge (Up)
1339,Wall Walks
918,Warrior Dash
561,Water Polo
885,Water Skiing
442,Weighted Ball Hyperextension
280,Weighted Bench Dip
329,Weighted Chin-Up
726,Weighted Crunch
1126,Weighted Dead Bug
393,Weighted Decline Crunch
351,Weighted Decline Sit-Up
328,Weighted Dip
406,Weighted Exercise Ball Crunch
421,Weighted Glute Hamstring Raise
398,Weighted Hanging Leg Raise
152,Weighted Hyperextension
463,Weighted Inverted Row (Let Me Ups)
429,Weighted L-Sit Pull-Up
136,Weighted Lying Leg Raise
1427,Weighted Lying Leg Raise
411,Weighted Narrow Arm Push-Up
395,Weighted Oblique Crunch
1374,Weighted One-Leg Romanian Deadlift to Skater Squat
475,Weighted One-Leg Squat
440,Weighted Parallel-Grip Pull-Up
330,Weighted Pull-Up
1283,Weighted Push Up
836,Weighted Reverse Crunch
839,Weighted Reverse Hyperextension
498,Weighted Ring Dip
399,Weighted Ring L-sit
427,Weighted Ring Muscle-Up
432,Weighted Ring Pull-Up
412,Weighted Ring Push-Up
1015,Weighted Russian Twist
31,Weighted Sit-Up
782,Weighted Stability Squat
431,Weighted V-Bar Pull-Up
487,Weighted Wall Squat
410,Weighted Wide Arm Push-Up
439,Weighted Wide-Grip Pull-Up
1013,Wheelchair Racing
415,Wide Arm Push-Up
1268,Wide Grip Cable Row
554,Wide Leg Sit-Up
112,Wide-Grip Barbell Bench Press
814,Wide-Grip Chin-Up
113,Wide-Grip Decline Barbell Bench Press
114,Wide-Grip Decline Barbell Pullover
295,Wide-Grip Lat Pulldown
437,Wide-Grip Pull-Up
296,Wide-Grip Pulldown Behind The Neck
297,Wide-Grip Rear Pull-Up
69,Wide-Grip Standing Barbell Curl
862,Wide-Stance Anti-Rotation Chop
894,Windmill
1247,Windshield Wipers
444,Wing Chun
733,Woodchoppers
457,Wrestling
1232,Wrist Roller
1180,X Band Walk
1248,Y-Press
873,Yard Work
760,Yates Row
515,Yin Yoga
363,Yoga
908,Yoga Push-Up
1077,Yoke Walk
819,YTI Raises
1284,Z-Press
825,Zercher Deadlift
826,Zercher Good Morning
473,Zercher Squat
614,Zumba
1429,Zumba Strong Class
